status,action,message,timestamp,patient_id
PAUSED,Pause Surgery,Waiting for network recovery.,2026-07-13 16:12:56,P001
PAUSED,Pause Surgery,Waiting for network recovery.,2026-07-23 22:39:05,P001
PAUSED,Pause Surgery,Waiting for network recovery.,2026-07-23 22:43:17,P001
ABORTED,Abort Surgery,Emergency stop activated.,2026-07-23 22:50:12,P001
ABORTED,Abort Surgery,Emergency stop activated.,2026-07-23 22:56:33,P001
PAUSED,Pause Surgery,Waiting for network recovery.,2026-07-23 22:58:22,P001
PAUSED,Pause Surgery,Waiting for network recovery.,2026-07-23 22:59:36,P001
PAUSED,Pause Surgery,Waiting for network recovery.,2026-07-23 23:03:46,P001
SUCCESS,Executing Surgery,Robotic arm has started the procedure.,2026-07-23 23:10:37,TC01
SUCCESS,Executing Surgery,Robotic arm has started the procedure.,2026-07-24 13:12:07,TC01
SUCCESS,Executing Surgery,Robotic arm has started the procedure.,2026-07-24 13:18:29,TC01
SUCCESS,Executing Surgery,Robotic arm has started the procedure.,2026-07-24 13:25:04,TC01
SUCCESS,Executing Surgery,Robotic arm has started the procedure.,2026-07-24 13:30:38,TC01
SUCCESS,Executing Surgery,Robotic arm has started the procedure.,2026-07-24 13:30:48,TC02
SUCCESS,Executing Surgery,Robotic arm has started the procedure.,2026-07-24 13:31:00,TC03
SUCCESS,Executing Surgery,Robotic arm has started the procedure.,2026-07-24 13:42:05,TC01
SUCCESS,Executing Surgery,Robotic arm has started the procedure.,2026-07-24 13:42:11,TC02
SUCCESS,Executing Surgery,Robotic arm has started the procedure.,2026-07-24 13:42:29,TC03
SUCCESS,Executing Surgery,Robotic arm has started the procedure.,2026-07-24 13:42:58,TC04
SUCCESS,Executing Surgery,Robotic arm has started the procedure.,2026-07-24 13:43:26,TC05
SUCCESS,Executing Surgery,Robotic arm has started the procedure.,2026-07-24 13:43:53,TC06
PAUSED,Pause Surgery,Waiting for network recovery.,2026-07-24 13:44:22,TC07
PAUSED,Pause Surgery,Waiting for network recovery.,2026-07-24 13:44:49,TC08
SUCCESS,Executing Surgery,Robotic arm has started the procedure.,2026-07-24 13:45:17,TC09
SUCCESS,Executing Surgery,Robotic arm has started the procedure.,2026-07-24 13:53:02,TC01
SUCCESS,Executing Surgery,Robotic arm has started the procedure.,2026-07-24 13:53:08,TC02
SUCCESS,Executing Surgery,Robotic arm has started the procedure.,2026-07-24 13:53:26,TC03
